ID,TITLE,COMPANY_NAME,COMPANY_LOC,SALARY
https://kr.indeed.com/viewjob?jk=6141229c69b83068 ,Web Front-end 개발자,코그넷나인,서울 서초구,
https://kr.indeed.com/viewjob?jk=9d2eee513761aded ,DB Engineer 모집,카카오,성남 판교역,
https://kr.indeed.com/viewjob?jk=8c32b5db8ab28c7d ,"[광고 추천] 데이터 과학자, 기계학습(머신러닝) 전문가 모집",카카오,성남 판교역,
https://kr.indeed.com/viewjob?jk=034f3898c161cf58 ,백엔드(서버) 개발,쿼렌시스,서울 성동구,
https://kr.indeed.com/viewjob?jk=b4a7ac21faba2e67 ,검색 인프라 엔지니어,당근마켓,서울 서초구,
https://kr.indeed.com/viewjob?jk=c2f271fbd2fa95e7 ,Software Engineer Intern - Korea,MOLOCO,서울 강남구,
https://kr.indeed.com/viewjob?jk=5ea9ea023c6ccc03 ,"S/W 엔지니어, 데이터분석 신입/경력 정규직, 인턴",가치랩스,성남 분당구,
https://kr.indeed.com/viewjob?jk=f862c821b0734933 ,[NAVER Cloud] Media 서비스 개발,네이버,서울,
https://kr.indeed.com/viewjob?jk=de4846ca13ae739e ,"newGraduate Software Engineer, Linux-based development",Canonical - Jobs,서울,
https://kr.indeed.com/viewjob?jk=34d826908be45b5e ,[NAVER Cloud] Blockchain 서비스 개발,네이버,서울,
https://kr.indeed.com/viewjob?jk=2cf2b8f5bd6504fc ,Back-end 개발자,코그넷나인,서울 서초구,
https://kr.indeed.com/viewjob?jk=e2461a0de4efb67f ,Software Engineer - Korea,MOLOCO,서울 강남구,
https://kr.indeed.com/viewjob?jk=59a4f9e47cd05bf6 ,newSoftware Engineering Director,Canonical - Jobs,서울,
https://kr.indeed.com/viewjob?jk=a5f72db70e317024 ,[카카오톡] 콘텐츠 구독 서비스 개발자 모집,카카오,성남 판교역,
https://kr.indeed.com/viewjob?jk=621de3f534ea7a1c ,new블록체인 기술 리더 채용,한화그룹,서울,
https://kr.indeed.com/viewjob?jk=3d934db22d0c9b35 ,Developer for Enterprise-Scale Cloud Service (SAP HANA Cloud...,SAP,서울,
https://kr.indeed.com/viewjob?jk=e0f58354b166f668 ,Database Engineer (DBA) (RDBMS / NOSQL),LINE Plus corporation,대한민국,
https://kr.indeed.com/viewjob?jk=8fe901fdedc0c947 ,PTZ 개발자,Success Korea,인천 운서동,
https://kr.indeed.com/viewjob?jk=fde12632c1c2c57c ,A.I 연구개발[주니어],Success Korea,서울 충무로역,
https://kr.indeed.com/viewjob?jk=81d7d9ee6a999e4c ,Technical Lead,Startbahn,서울,
https://kr.indeed.com/viewjob?jk=5be9b908d4be09a4 ,Site Reliability Engineer (SRE) - IBM Client Engineering,IBM,서울,
https://kr.indeed.com/viewjob?jk=fb1e577c4ae5e817 ,영상보안 개발자,Success Korea,서울 충무로역,
https://kr.indeed.com/viewjob?jk=dd12e09c5af43c28 ,Head of Engineering,Startbahn,서울,
https://kr.indeed.com/viewjob?jk=65ebb989c5928689 ,블록체인 기반의 디지털 자산 SNS 스타트업 기업에서 CTO를 모집합니다.,에이치알 코리아,대한민국,
https://kr.indeed.com/viewjob?jk=9a739372ece8a34f ,Engineering Manager,Startbahn,서울,
https://kr.indeed.com/viewjob?jk=d87d0b5c96dea835 ,영상보안 Backend 개발,Success Korea,서울 충무로역,
https://kr.indeed.com/viewjob?jk=d341b6f32b7ba6f7 ,영상 보안 코어 연구/개발,Success Korea,서울 쌍림동,
https://kr.indeed.com/viewjob?jk=68539861ea661845 ,영상보안 인공지능(AI)/컴퓨터비전[추가],Success Korea,서울 쌍림동,
https://kr.indeed.com/viewjob?jk=3d934db22d0c9b35 ,Developer for Enterprise-Scale Cloud Service (SAP HANA Cloud...,SAP,서울,
https://kr.indeed.com/viewjob?jk=9a739372ece8a34f ,Engineering Manager,Startbahn,서울,
https://kr.indeed.com/viewjob?jk=81d7d9ee6a999e4c ,Technical Lead,Startbahn,서울,
https://kr.indeed.com/viewjob?jk=97d7d9cb5103d9f5 ,영상보안[백엔드],Success Korea,서울 쌍림동,
https://kr.indeed.com/viewjob?jk=fb1e577c4ae5e817 ,영상보안 개발자,Success Korea,서울 충무로역,
https://kr.indeed.com/viewjob?jk=f0cded9b84851055 ,Server개발자,Success Korea,성남 판교역,
https://kr.indeed.com/viewjob?jk=5be9b908d4be09a4 ,Site Reliability Engineer (SRE) - IBM Client Engineering,IBM,서울,
https://kr.indeed.com/viewjob?jk=fde12632c1c2c57c ,A.I 연구개발[주니어],Success Korea,서울 충무로역,
https://kr.indeed.com/viewjob?jk=68539861ea661845 ,영상보안 인공지능(AI)/컴퓨터비전[추가],Success Korea,서울 쌍림동,
https://kr.indeed.com/viewjob?jk=d341b6f32b7ba6f7 ,영상 보안 코어 연구/개발,Success Korea,서울 쌍림동,
https://kr.indeed.com/viewjob?jk=e0f58354b166f668 ,Database Engineer (DBA) (RDBMS / NOSQL),LINE Plus corporation,대한민국,
https://kr.indeed.com/viewjob?jk=8fe901fdedc0c947 ,PTZ 개발자,Success Korea,인천 운서동,
https://kr.indeed.com/viewjob?jk=d87d0b5c96dea835 ,영상보안 Backend 개발,Success Korea,서울 충무로역,
https://kr.indeed.com/viewjob?jk=65ebb989c5928689 ,블록체인 기반의 디지털 자산 SNS 스타트업 기업에서 CTO를 모집합니다.,에이치알 코리아,대한민국,
https://kr.indeed.com/viewjob?jk=dd12e09c5af43c28 ,Head of Engineering,Startbahn,서울,
https://kr.indeed.com/viewjob?jk=5be9b908d4be09a4 ,Site Reliability Engineer (SRE) - IBM Client Engineering,IBM,서울,
https://kr.indeed.com/viewjob?jk=97d7d9cb5103d9f5 ,영상보안[백엔드],Success Korea,서울 쌍림동,
https://kr.indeed.com/viewjob?jk=3d934db22d0c9b35 ,Developer for Enterprise-Scale Cloud Service (SAP HANA Cloud...,SAP,서울,
https://kr.indeed.com/viewjob?jk=81d7d9ee6a999e4c ,Technical Lead,Startbahn,서울,
https://kr.indeed.com/viewjob?jk=f0cded9b84851055 ,Server개발자,Success Korea,성남 판교역,
https://kr.indeed.com/viewjob?jk=fb1e577c4ae5e817 ,영상보안 개발자,Success Korea,서울 충무로역,
https://kr.indeed.com/viewjob?jk=9a739372ece8a34f ,Engineering Manager,Startbahn,서울,
https://kr.indeed.com/viewjob?jk=fde12632c1c2c57c ,A.I 연구개발[주니어],Success Korea,서울 충무로역,
https://kr.indeed.com/viewjob?jk=d341b6f32b7ba6f7 ,영상 보안 코어 연구/개발,Success Korea,서울 쌍림동,
https://kr.indeed.com/viewjob?jk=65ebb989c5928689 ,블록체인 기반의 디지털 자산 SNS 스타트업 기업에서 CTO를 모집합니다.,에이치알 코리아,대한민국,
https://kr.indeed.com/viewjob?jk=dd12e09c5af43c28 ,Head of Engineering,Startbahn,서울,
https://kr.indeed.com/viewjob?jk=d87d0b5c96dea835 ,영상보안 Backend 개발,Success Korea,서울 충무로역,
https://kr.indeed.com/viewjob?jk=68539861ea661845 ,영상보안 인공지능(AI)/컴퓨터비전[추가],Success Korea,서울 쌍림동,
https://kr.indeed.com/viewjob?jk=8fe901fdedc0c947 ,PTZ 개발자,Success Korea,인천 운서동,
https://kr.indeed.com/viewjob?jk=e0f58354b166f668 ,Database Engineer (DBA) (RDBMS / NOSQL),LINE Plus corporation,대한민국,
https://kr.indeed.com/viewjob?jk=3d934db22d0c9b35 ,Developer for Enterprise-Scale Cloud Service (SAP HANA Cloud...,SAP,서울,
https://kr.indeed.com/viewjob?jk=68539861ea661845 ,영상보안 인공지능(AI)/컴퓨터비전[추가],Success Korea,서울 쌍림동,
https://kr.indeed.com/viewjob?jk=5be9b908d4be09a4 ,Site Reliability Engineer (SRE) - IBM Client Engineering,IBM,서울,
https://kr.indeed.com/viewjob?jk=e0f58354b166f668 ,Database Engineer (DBA) (RDBMS / NOSQL),LINE Plus corporation,대한민국,
https://kr.indeed.com/viewjob?jk=97d7d9cb5103d9f5 ,영상보안[백엔드],Success Korea,서울 쌍림동,
https://kr.indeed.com/viewjob?jk=9a739372ece8a34f ,Engineering Manager,Startbahn,서울,
https://kr.indeed.com/viewjob?jk=f0cded9b84851055 ,Server개발자,Success Korea,성남 판교역,
https://kr.indeed.com/viewjob?jk=81d7d9ee6a999e4c ,Technical Lead,Startbahn,서울,
https://kr.indeed.com/viewjob?jk=d341b6f32b7ba6f7 ,영상 보안 코어 연구/개발,Success Korea,서울 쌍림동,
https://kr.indeed.com/viewjob?jk=8fe901fdedc0c947 ,PTZ 개발자,Success Korea,인천 운서동,
https://kr.indeed.com/viewjob?jk=fb1e577c4ae5e817 ,영상보안 개발자,Success Korea,서울 충무로역,
https://kr.indeed.com/viewjob?jk=dd12e09c5af43c28 ,Head of Engineering,Startbahn,서울,
https://kr.indeed.com/viewjob?jk=65ebb989c5928689 ,블록체인 기반의 디지털 자산 SNS 스타트업 기업에서 CTO를 모집합니다.,에이치알 코리아,대한민국,
https://kr.indeed.com/viewjob?jk=d87d0b5c96dea835 ,영상보안 Backend 개발,Success Korea,서울 충무로역,
https://kr.indeed.com/viewjob?jk=fde12632c1c2c57c ,A.I 연구개발[주니어],Success Korea,서울 충무로역,
